{"isDisabled":false,"content":[{"id":"new_791430846","question":"Что такое SmartApp Graph?","synonyms":[],"answers":[{"id":"new_791430847","answer":"SmartApp Graph – это визуальный конструктор для создания интеллектуальных смартапов, которые понимают запросы пользователей на естественном языке. Мы подробно рассказываем о возможностях SmartApp Graph в статье Базовые понятия SmartApp Graph"}],"disabled":false},{"id":"new_791430844","question":"Зачем нужно создавать смартапы?","synonyms":[],"answers":[{"id":"new_791430845","answer":"Cмартапы берут на себя рутинные операции, связанные с обработкой запросов пользователей на вашем сайте, в чате Telegram, по телефону и в других каналах связи с клиентами. Они отвечают быстрее операторов, могут быстрее выполнить нужные операции, и при этом стоят в разы дешевле. Мы написали об этом в небольшой статье Общие принципы создания смартапов"}],"disabled":false},{"id":"new_791430842","question":"Как узнать, подходит ли SmartApp Graph для моего случая?","synonyms":[],"answers":[{"id":"new_791430843","answer":"Обратитесь к нам по контактам, которые указаны ниже на этой странице. Наши специалисты разберутся в вашем кейсе и подскажут, что можно сделать."}],"disabled":false}]}